"Bahrain Grand Prix","2023-03-05 20:00:00"
"Saudi Arabian Grand Prix","2023-03-19 22:00:00"
"Australian Grand Prix","2023-04-02 17:00:00"
"Azerbaijan Grand Prix","2023-04-30 17:00:00"
"Miami Grand Prix","2023-05-07 17:30:00"
"Monaco Grand Prix","2023-05-28 17:00:00"
"Spanish Grand Prix","2023-06-04 17:00:00"
"Canadian Grand Prix","2023-06-18 16:00:00"
"Austrian Grand Prix","2023-07-02 17:00:00"
"British Grand Prix","2023-07-09 17:00:00"
"Hungarian Grand Prix","2023-07-23 17:00:00"
"Belgian Grand Prix","2023-07-30 17:00:00"
"Dutch Grand Prix","2023-08-27 17:00:00"
"Italian Grand Prix","2023-09-03 17:00:00"
"Singapore Grand Prix","2023-09-17 22:00:00"
"Japanese Grand Prix","2023-09-24 16:00:00"
"Qatar Grand Prix","2023-10-08 22:00:00"
"United States Grand Prix","2023-10-22 16:00:00"
"Mexico City Grand Prix","2023-10-29 16:00:00"
"SÃ£o Paulo Grand Prix","2023-11-05 16:00:00"
"Las Vegas Grand Prix","2023-11-18 23:59:59"
"Abu Dhabi Grand Prix","2023-11-26 19:00:00"
